{"cameraMode":{"drawMode":0,"name":"Shaded","section":"Shading Mode"},"sceneLighting":true,"audioPlay":false,"sceneViewState":{"showFog":true,"showMaterialUpdate":false,"showSkybox":true,"showFlares":true,"showImageEffects":true,"showParticleSystems":true},"in2DMode":false,"pivot":{"x":0.19411659240722657,"y":-4.518238067626953,"z":34.68253707885742},"rotation":{"x":-0.2810489535331726,"y":0.4099767208099365,"z":-0.13441185653209687,"w":-0.857242226600647},"size":30.434343338012697,"orthographic":false}